{
    "META_TUNING/tabmwp.cfg/acc": 0.39045016913869374,
    "META_TUNING/totto.cfg/sacrebleu": 0.4939458164248014,
    "META_TUNING/grailqa.cfg/exact_match": 0.8034968280984063,
    "META_TUNING/sql2text.cfg/blec": 0.9400386847195358,
    "META_TUNING/mmqa.cfg/acc": 0.6842105263157895,
    "META_TUNING/mmqa.cfg/f1": 0.7705196535642906,
    "META_TUNING/spider_with_cell.cfg/exact_match": 0.7263056092843327,
    "META_TUNING/spider_with_cell.cfg/exec": 0.7998065764023211,
    "META_TUNING/kvret.cfg/bleu": 0.1997998216368326,
    "META_TUNING/kvret.cfg/all_micro": 0.7314711359404096,
    "META_TUNING/kvret.cfg/all_macro": 0.6717901592682747,
    "META_TUNING/kvret.cfg/schedule_micro": 0.8424737456242708,
    "META_TUNING/kvret.cfg/schedule_macro": 0.826353614768249,
    "META_TUNING/kvret.cfg/navigate_micro": 0.6404761904761904,
    "META_TUNING/kvret.cfg/navigate_macro": 0.5798639455782314,
    "META_TUNING/kvret.cfg/weather_micro": 0.7125506072874495,
    "META_TUNING/kvret.cfg/weather_macro": 0.6742334913383764,
    "META_TUNING/hybridqa.cfg/acc": 0.42440854010386614,
    "META_TUNING/hybridqa.cfg/f1": 0.550241406918523,
    "META_TUNING/sparc_with_cell.cfg/exact_match": 0.6217788861180382,
    "META_TUNING/sparc_with_cell.cfg/exec": 0.6799667497921862,
    "META_TUNING/sparc_with_cell.cfg/interaction_exact_match": 0.4004739336492891,
    "META_TUNING/sparc_with_cell.cfg/interaction_exec": 0.471563981042654,
    "META_TUNING/compwebq.cfg/acc": 0.7709517045454546,
    "META_TUNING/compwebq.cfg/F1": 0.8489936732994736,
    "META_TUNING/compwebq.cfg/Hits@1": 0.8718039772727273,
    "META_TUNING/tab_fact.cfg/all": 0.8082009546912904,
    "META_TUNING/tab_fact.cfg/simple": 0.9112922560537041,
    "META_TUNING/tab_fact.cfg/complex": 0.7582481412639405,
    "META_TUNING/tab_fact.cfg/small_test": 0.8318318318318318,
    "META_TUNING/wikitq.cfg/all_ex": 0.27992633517495397,
    "META_TUNING/wikisql.cfg/all_ex": 0.5085653104925053,
    "META_TUNING/fetaqa.cfg/sacrebleu": 0.3591789309588517,
    "META_TUNING/feverous.cfg/all": 0.8436406067677946,
    "META_TUNING/multiwoz.cfg/Joint Acc": 0.5446525515743756,
    "META_TUNING/multiwoz.cfg/Turn Acc": 0.9750407166123345,
    "META_TUNING/multiwoz.cfg/Joint F1": 0.9261550491154374,
    "META_TUNING/dart.cfg/sacrebleu": 0.618727475785142,
    "META_TUNING/logic2text.cfg/blec": 0.8864468864468864,
    "META_TUNING/mtop.cfg/exact_match": 0.8107615139078888,
    "META_TUNING/mtop.cfg/template_accuracy": 0.8725490196078431,
    "META_TUNING/bird.cfg/simple_acc": 30.010718113612008,
    "META_TUNING/bird.cfg/moderate_acc": 10.457516339869281,
    "META_TUNING/bird.cfg/challenging_acc": 7.746478873239436,
    "META_TUNING/bird.cfg/acc": 22.09908735332464,
    "META_TUNING/cosql_with_cell.cfg/exact_match": 0.49751737835153925,
    "META_TUNING/cosql_with_cell.cfg/exec": 0.5968222442899702,
    "META_TUNING/cosql_with_cell.cfg/interaction_exact_match": 0.17064846416382254,
    "META_TUNING/cosql_with_cell.cfg/interaction_exec": 0.27303754266211605,
    "META_TUNING/sqa.cfg/all_acc": 0.33244769179674527,
    "META_TUNING/sqa.cfg/pos_0_acc": 0.424390243902439,
    "META_TUNING/sqa.cfg/pos_1_acc": 0.22265625,
    "META_TUNING/sqa.cfg/pos_2_acc": 0.3563049853372434,
    "META_TUNING/sqa.cfg/pos_3_acc": 0.3624454148471616,
    "META_TUNING/sqa.cfg/interaction_acc": 0.07902439024390244,
    "META_TUNING/webqsp.cfg/F1": 0.0,
    "META_TUNING/infotabs.cfg/acc": 0.5537037037037037,
    "META_TUNING/wikitabletext.cfg/sacrebleu": 0.08182109054354333,
    "META_TUNING/finqa.cfg/acc": 0.21708805579773321,
    "avr": 1.7380490702470972
}
